epoch,train_loss,train_accuracy,val_loss,val_accuracy,epoch_seconds,head_lr,backbone_lr
1,0.608871938708501,0.6153846153846154,0.6944594515694512,0.5,1.8469084939999902,0.001,0.001
2,0.3036725299480634,0.8974358974358975,0.6943857537375556,0.5,1.8276151530001243,0.0009755282581475768,0.0009755282581475768
3,0.3405339014835847,0.8397435897435898,0.693429191907247,0.5,1.8243641449998904,0.0009045084971874736,0.0009045084971874736
4,0.17994459570409396,0.967948717948718,0.7066517604721917,0.5,1.83246120900003,0.0007938926261462366,0.0007938926261462366
5,0.17584655405237123,0.9358974358974359,0.7027095953623453,0.5,1.82543693599996,0.0006545084971874737,0.0006545084971874737
6,0.1329261675859109,0.9551282051282052,0.6988424989912245,0.5,1.831837792000215,0.0005,0.0005
7,0.09273756398126864,0.9615384615384616,0.698765496412913,0.5,1.8259738730000663,0.00034549150281252633,0.00034549150281252633
8,0.09678846072310056,0.9551282051282052,0.6956318087048001,0.5,1.834753363000118,0.0002061073738537635,0.0002061073738537635
9,0.11554838370722838,0.9615384615384616,0.6963870856497023,0.5,1.807031066000036,9.549150281252634e-05,9.549150281252634e-05
10,0.10662055359436916,0.9487179487179487,0.6961968474917941,0.5,1.7990020570000524,2.4471741852423235e-05,2.4471741852423235e-05
