image,frame_index,seconds_approx,group
box_merah__frame_000000000.jpg,0,0.0,box_merah
box_merah__frame_000000055.jpg,55,1.8355271910657927,box_merah
box_merah__frame_000000110.jpg,110,3.6710543821315853,box_merah
box_merah__frame_000000166.jpg,166,5.53995479485312,box_merah
box_merah__frame_000000221.jpg,221,7.3754819859189125,box_merah
box_merah__frame_000000277.jpg,277,9.244382398640447,box_merah
box_merah__frame_000000332.jpg,332,11.07990958970624,box_merah
box_merah__frame_000000388.jpg,388,12.948810002427773,box_merah
box_merah__frame_000000443.jpg,443,14.784337193493567,box_merah
box_merah__frame_000000499.jpg,499,16.6532376062151,box_merah
box_merah__frame_000000554.jpg,554,18.488764797280894,box_merah
box_merah__frame_000000610.jpg,610,20.357665210002427,box_merah
box_merah__frame_000000665.jpg,665,22.19319240106822,box_merah
box_merah__frame_000000721.jpg,721,24.062092813789757,box_merah
box_merah__frame_000000776.jpg,776,25.897620004855547,box_merah
box_merah__frame_000000831.jpg,831,27.73314719592134,box_merah
box_merah__frame_000000887.jpg,887,29.602047608642877,box_merah
box_merah__frame_000000942.jpg,942,31.437574799708667,box_merah
box_merah__frame_000000998.jpg,998,33.3064752124302,box_merah
box_merah__frame_000001053.jpg,1053,35.142002403495994,box_merah
box_merah__frame_000001109.jpg,1109,37.01090281621753,box_merah
box_merah__frame_000001164.jpg,1164,38.846430007283324,box_merah
box_merah__frame_000001220.jpg,1220,40.715330420004854,box_merah
box_merah__frame_000001275.jpg,1275,42.55085761107065,box_merah
box_merah__frame_000001331.jpg,1331,44.419758023792184,box_merah
box_merah__frame_000001386.jpg,1386,46.25528521485798,box_merah
box_merah__frame_000001442.jpg,1442,48.124185627579514,box_merah
box_merah__frame_000001497.jpg,1497,49.95971281864531,box_merah
box_merah__frame_000001553.jpg,1553,51.82861323136684,box_merah
box_merah__frame_000001608.jpg,1608,53.66414042243263,box_merah
box_merah__frame_000001663.jpg,1663,55.499667613498424,box_merah
box_merah__frame_000001719.jpg,1719,57.36856802621996,box_merah
box_merah__frame_000001774.jpg,1774,59.204095217285754,box_merah
box_merah__frame_000001830.jpg,1830,61.072995630007284,box_merah
box_merah__frame_000001885.jpg,1885,62.90852282107308,box_merah
box_merah__frame_000001941.jpg,1941,64.77742323379461,box_merah
box_merah__frame_000001996.jpg,1996,66.6129504248604,box_merah
box_merah__frame_000002052.jpg,2052,68.48185083758194,box_merah
box_merah__frame_000002107.jpg,2107,70.31737802864774,box_merah
box_merah__frame_000002163.jpg,2163,72.18627844136927,box_merah
box_merah__frame_000002218.jpg,2218,74.02180563243506,box_merah
box_merah__frame_000002274.jpg,2274,75.89070604515659,box_merah
box_merah__frame_000002329.jpg,2329,77.72623323622238,box_merah
box_merah__frame_000002384.jpg,2384,79.56176042728818,box_merah
box_merah__frame_000002440.jpg,2440,81.43066084000971,box_merah
box_merah__frame_000002495.jpg,2495,83.2661880310755,box_merah
box_merah__frame_000002551.jpg,2551,85.13508844379704,box_merah
box_merah__frame_000002606.jpg,2606,86.97061563486284,box_merah
box_merah__frame_000002662.jpg,2662,88.83951604758437,box_merah
box_merah__frame_000002717.jpg,2717,90.67504323865016,box_merah
box_merah__frame_000002773.jpg,2773,92.54394365137169,box_merah
box_merah__frame_000002828.jpg,2828,94.37947084243748,box_merah
box_merah__frame_000002884.jpg,2884,96.24837125515903,box_merah
box_merah__frame_000002939.jpg,2939,98.08389844622482,box_merah
box_merah__frame_000002995.jpg,2995,99.95279885894635,box_merah
box_merah__frame_000003050.jpg,3050,101.78832605001215,box_merah
box_merah__frame_000003106.jpg,3106,103.65722646273368,box_merah
box_merah__frame_000003161.jpg,3161,105.49275365379947,box_merah
box_merah__frame_000003216.jpg,3216,107.32828084486526,box_merah
box_merah__frame_000003272.jpg,3272,109.19718125758679,box_merah
box_merah__frame_000003327.jpg,3327,111.03270844865258,box_merah
box_merah__frame_000003383.jpg,3383,112.90160886137413,box_merah
box_merah__frame_000003438.jpg,3438,114.73713605243992,box_merah
box_merah__frame_000003494.jpg,3494,116.60603646516145,box_merah
box_merah__frame_000003549.jpg,3549,118.44156365622725,box_merah
box_merah__frame_000003605.jpg,3605,120.31046406894878,box_merah
box_merah__frame_000003660.jpg,3660,122.14599126001457,box_merah
box_merah__frame_000003716.jpg,3716,124.01489167273611,box_merah
box_merah__frame_000003771.jpg,3771,125.85041886380189,box_merah
box_merah__frame_000003827.jpg,3827,127.71931927652344,box_merah
box_merah__frame_000003882.jpg,3882,129.55484646758921,box_merah
box_merah__frame_000003937.jpg,3937,131.39037365865502,box_merah
box_merah__frame_000003993.jpg,3993,133.25927407137655,box_merah
box_merah__frame_000004048.jpg,4048,135.09480126244233,box_merah
box_merah__frame_000004104.jpg,4104,136.9637016751639,box_merah
box_merah__frame_000004159.jpg,4159,138.79922886622967,box_merah
box_merah__frame_000004215.jpg,4215,140.6681292789512,box_merah
box_merah__frame_000004270.jpg,4270,142.503656470017,box_merah
box_merah__frame_000004326.jpg,4326,144.37255688273854,box_merah
box_merah__frame_000004381.jpg,4381,146.20808407380432,box_merah
box_merah__frame_000004437.jpg,4437,148.07698448652587,box_merah
box_merah__frame_000004492.jpg,4492,149.91251167759165,box_merah
box_merah__frame_000004548.jpg,4548,151.78141209031318,box_merah
box_merah__frame_000004603.jpg,4603,153.616939281379,box_merah
box_merah__frame_000004659.jpg,4659,155.48583969410052,box_merah
box_merah__frame_000004714.jpg,4714,157.3213668851663,box_merah
box_merah__frame_000004769.jpg,4769,159.1568940762321,box_merah
box_merah__frame_000004825.jpg,4825,161.02579448895364,box_merah
box_merah__frame_000004880.jpg,4880,162.86132168001942,box_merah
box_merah__frame_000004936.jpg,4936,164.73022209274097,box_merah
box_merah__frame_000004991.jpg,4991,166.56574928380675,box_merah
box_merah__frame_000005047.jpg,5047,168.43464969652828,box_merah
box_merah__frame_000005102.jpg,5102,170.2701768875941,box_merah
box_merah__frame_000005158.jpg,5158,172.13907730031562,box_merah
box_merah__frame_000005213.jpg,5213,173.9746044913814,box_merah
box_merah__frame_000005269.jpg,5269,175.84350490410296,box_merah
box_merah__frame_000005324.jpg,5324,177.67903209516874,box_merah
box_merah__frame_000005380.jpg,5380,179.54793250789027,box_merah
box_merah__frame_000005435.jpg,5435,181.38345969895607,box_merah
box_merah__frame_000005491.jpg,5491,183.2523601116776,box_merah
