architecture,mode,checkpoint,device,device_name,cpu_threads,torch_version,input_size,batch_size,warmup_iterations,measured_iterations,mean_ms,median_ms,p95_ms,image,measured_at_utc,image_sha256
mobilenet_v3_small,feature,/home/akmal/Documents/P2 - Transfer Learning/mobilenet_v3_small/models/feature.pth,cuda,NVIDIA GeForce RTX 4050 Laptop GPU,1,2.14.0+cu130,224,1,20,100,1.8402684000079716,1.8197425000607836,1.9258570000602049,/home/akmal/Documents/P2 - Transfer Learning/mobilenet_v3_small/dataset_raw/box_merah/box_merah__frame_000000000.jpg,2026-10-03T14:36:43.244134+00:00,359fec3704c92a64e9ed3a4f54b8bd7196554bcccb37ff0af6ce1bf50fd708aa
mobilenet_v3_small,partial,/home/akmal/Documents/P2 - Transfer Learning/mobilenet_v3_small/models/partial.pth,cuda,NVIDIA GeForce RTX 4050 Laptop GPU,1,2.14.0+cu130,224,1,20,100,1.8422548899866342,1.8191974999126614,1.9010229998457362,/home/akmal/Documents/P2 - Transfer Learning/mobilenet_v3_small/dataset_raw/box_merah/box_merah__frame_000000000.jpg,2026-10-03T14:36:43.521695+00:00,359fec3704c92a64e9ed3a4f54b8bd7196554bcccb37ff0af6ce1bf50fd708aa
mobilenet_v3_small,scratch,/home/akmal/Documents/P2 - Transfer Learning/mobilenet_v3_small/models/scratch.pth,cuda,NVIDIA GeForce RTX 4050 Laptop GPU,1,2.14.0+cu130,224,1,20,100,1.8501848800087828,1.8341439999858267,1.9286120000288065,/home/akmal/Documents/P2 - Transfer Learning/mobilenet_v3_small/dataset_raw/box_merah/box_merah__frame_000000000.jpg,2026-10-03T14:36:43.800100+00:00,359fec3704c92a64e9ed3a4f54b8bd7196554bcccb37ff0af6ce1bf50fd708aa
mobilenet_v3_large,feature,/home/akmal/Documents/P2 - Transfer Learning/mobilenet_v3_large/models/feature.pth,cuda,NVIDIA GeForce RTX 4050 Laptop GPU,1,2.14.0+cu130,224,1,20,100,2.175015809996239,2.1183254999641576,2.4713089999295335,/home/akmal/Documents/P2 - Transfer Learning/mobilenet_v3_large/dataset_raw/box_merah/box_merah__frame_000000000.jpg,2026-10-03T14:37:46.756331+00:00,359fec3704c92a64e9ed3a4f54b8bd7196554bcccb37ff0af6ce1bf50fd708aa
mobilenet_v3_large,partial,/home/akmal/Documents/P2 - Transfer Learning/mobilenet_v3_large/models/partial.pth,cuda,NVIDIA GeForce RTX 4050 Laptop GPU,1,2.14.0+cu130,224,1,20,100,2.2847331399839277,2.290084499918521,2.4555089999012125,/home/akmal/Documents/P2 - Transfer Learning/mobilenet_v3_large/dataset_raw/box_merah/box_merah__frame_000000000.jpg,2026-10-03T14:37:47.120582+00:00,359fec3704c92a64e9ed3a4f54b8bd7196554bcccb37ff0af6ce1bf50fd708aa
mobilenet_v3_large,scratch,/home/akmal/Documents/P2 - Transfer Learning/mobilenet_v3_large/models/scratch.pth,cuda,NVIDIA GeForce RTX 4050 Laptop GPU,1,2.14.0+cu130,224,1,20,100,2.1651207000036266,2.156623499899979,2.230673999974897,/home/akmal/Documents/P2 - Transfer Learning/mobilenet_v3_large/dataset_raw/box_merah/box_merah__frame_000000000.jpg,2026-10-03T14:37:47.465234+00:00,359fec3704c92a64e9ed3a4f54b8bd7196554bcccb37ff0af6ce1bf50fd708aa
efficientnet_b0,feature,/home/akmal/Documents/P2 - Transfer Learning/efficientnet_b0/models/feature.pth,cuda,NVIDIA GeForce RTX 4050 Laptop GPU,1,2.14.0+cu130,224,1,20,100,2.8242843899988657,2.805358500040711,2.935990000196398,/home/akmal/Documents/P2 - Transfer Learning/efficientnet_b0/dataset_raw/box_merah/box_merah__frame_000000000.jpg,2026-10-03T14:38:56.509464+00:00,359fec3704c92a64e9ed3a4f54b8bd7196554bcccb37ff0af6ce1bf50fd708aa
efficientnet_b0,partial,/home/akmal/Documents/P2 - Transfer Learning/efficientnet_b0/models/partial.pth,cuda,NVIDIA GeForce RTX 4050 Laptop GPU,1,2.14.0+cu130,224,1,20,100,2.823974179984816,2.8019260000746726,2.9456600000230537,/home/akmal/Documents/P2 - Transfer Learning/efficientnet_b0/dataset_raw/box_merah/box_merah__frame_000000000.jpg,2026-10-03T14:38:56.941729+00:00,359fec3704c92a64e9ed3a4f54b8bd7196554bcccb37ff0af6ce1bf50fd708aa
efficientnet_b0,scratch,/home/akmal/Documents/P2 - Transfer Learning/efficientnet_b0/models/scratch.pth,cuda,NVIDIA GeForce RTX 4050 Laptop GPU,1,2.14.0+cu130,224,1,20,100,2.822122050008602,2.8067215000646684,2.8862009999102156,/home/akmal/Documents/P2 - Transfer Learning/efficientnet_b0/dataset_raw/box_merah/box_merah__frame_000000000.jpg,2026-10-03T14:38:57.367884+00:00,359fec3704c92a64e9ed3a4f54b8bd7196554bcccb37ff0af6ce1bf50fd708aa
resnet18,feature,/home/akmal/Documents/P2 - Transfer Learning/resnet18/models/feature.pth,cuda,NVIDIA GeForce RTX 4050 Laptop GPU,1,2.14.0+cu130,224,1,20,100,1.6177362899929904,1.6166654999096863,1.626593999844772,/home/akmal/Documents/P2 - Transfer Learning/resnet18/dataset_raw/box_merah/box_merah__frame_000000000.jpg,2026-10-03T14:40:03.277313+00:00,359fec3704c92a64e9ed3a4f54b8bd7196554bcccb37ff0af6ce1bf50fd708aa
resnet18,partial,/home/akmal/Documents/P2 - Transfer Learning/resnet18/models/partial.pth,cuda,NVIDIA GeForce RTX 4050 Laptop GPU,1,2.14.0+cu130,224,1,20,100,1.3880536299916457,1.3961495000103241,1.4089750000039203,/home/akmal/Documents/P2 - Transfer Learning/resnet18/dataset_raw/box_merah/box_merah__frame_000000000.jpg,2026-10-03T14:40:03.563380+00:00,359fec3704c92a64e9ed3a4f54b8bd7196554bcccb37ff0af6ce1bf50fd708aa
resnet18,scratch,/home/akmal/Documents/P2 - Transfer Learning/resnet18/models/scratch.pth,cuda,NVIDIA GeForce RTX 4050 Laptop GPU,1,2.14.0+cu130,224,1,20,100,1.4061885399974017,1.4078515000619518,1.4204130000052828,/home/akmal/Documents/P2 - Transfer Learning/resnet18/dataset_raw/box_merah/box_merah__frame_000000000.jpg,2026-10-03T14:40:03.920717+00:00,359fec3704c92a64e9ed3a4f54b8bd7196554bcccb37ff0af6ce1bf50fd708aa
resnet50,feature,/home/akmal/Documents/P2 - Transfer Learning/resnet50/models/feature.pth,cuda,NVIDIA GeForce RTX 4050 Laptop GPU,1,2.14.0+cu130,224,1,20,100,2.9819622399895707,2.851621499985413,3.2294969998929446,/home/akmal/Documents/P2 - Transfer Learning/resnet50/dataset_raw/box_merah/box_merah__frame_000000000.jpg,2026-10-03T14:41:27.203297+00:00,359fec3704c92a64e9ed3a4f54b8bd7196554bcccb37ff0af6ce1bf50fd708aa
resnet50,partial,/home/akmal/Documents/P2 - Transfer Learning/resnet50/models/partial.pth,cuda,NVIDIA GeForce RTX 4050 Laptop GPU,1,2.14.0+cu130,224,1,20,100,2.8555530600056045,2.8568684999754623,2.880323999988832,/home/akmal/Documents/P2 - Transfer Learning/resnet50/dataset_raw/box_merah/box_merah__frame_000000000.jpg,2026-10-03T14:41:27.791310+00:00,359fec3704c92a64e9ed3a4f54b8bd7196554bcccb37ff0af6ce1bf50fd708aa
resnet50,scratch,/home/akmal/Documents/P2 - Transfer Learning/resnet50/models/scratch.pth,cuda,NVIDIA GeForce RTX 4050 Laptop GPU,1,2.14.0+cu130,224,1,20,100,2.8881184800138726,2.886176500055626,2.909407999823088,/home/akmal/Documents/P2 - Transfer Learning/resnet50/dataset_raw/box_merah/box_merah__frame_000000000.jpg,2026-10-03T14:41:28.344639+00:00,359fec3704c92a64e9ed3a4f54b8bd7196554bcccb37ff0af6ce1bf50fd708aa
