path,label,frame_index,seconds_approx,group,width,height,split
dataset_raw/box_merah/box_merah__frame_000000000.jpg,box_merah,0,0.0,box_merah,1280,720,train
dataset_raw/box_merah/box_merah__frame_000000055.jpg,box_merah,55,1.8355271910657927,box_merah,1280,720,train
dataset_raw/box_merah/box_merah__frame_000000110.jpg,box_merah,110,3.6710543821315853,box_merah,1280,720,train
dataset_raw/box_merah/box_merah__frame_000000166.jpg,box_merah,166,5.53995479485312,box_merah,1280,720,train
dataset_raw/box_merah/box_merah__frame_000000221.jpg,box_merah,221,7.3754819859189125,box_merah,1280,720,train
dataset_raw/box_merah/box_merah__frame_000000277.jpg,box_merah,277,9.244382398640447,box_merah,1280,720,train
dataset_raw/box_merah/box_merah__frame_000000332.jpg,box_merah,332,11.07990958970624,box_merah,1280,720,train
dataset_raw/box_merah/box_merah__frame_000000388.jpg,box_merah,388,12.948810002427773,box_merah,1280,720,train
dataset_raw/box_merah/box_merah__frame_000000443.jpg,box_merah,443,14.784337193493567,box_merah,1280,720,train
dataset_raw/box_merah/box_merah__frame_000000499.jpg,box_merah,499,16.6532376062151,box_merah,1280,720,train
dataset_raw/box_merah/box_merah__frame_000000554.jpg,box_merah,554,18.488764797280894,box_merah,1280,720,train
dataset_raw/box_merah/box_merah__frame_000000610.jpg,box_merah,610,20.357665210002427,box_merah,1280,720,train
dataset_raw/box_merah/box_merah__frame_000000665.jpg,box_merah,665,22.19319240106822,box_merah,1280,720,train
dataset_raw/box_merah/box_merah__frame_000000721.jpg,box_merah,721,24.062092813789757,box_merah,1280,720,train
dataset_raw/box_merah/box_merah__frame_000000776.jpg,box_merah,776,25.897620004855547,box_merah,1280,720,train
dataset_raw/box_merah/box_merah__frame_000000831.jpg,box_merah,831,27.73314719592134,box_merah,1280,720,train
dataset_raw/box_merah/box_merah__frame_000000887.jpg,box_merah,887,29.602047608642877,box_merah,1280,720,train
dataset_raw/box_merah/box_merah__frame_000000942.jpg,box_merah,942,31.437574799708667,box_merah,1280,720,train
dataset_raw/box_merah/box_merah__frame_000000998.jpg,box_merah,998,33.3064752124302,box_merah,1280,720,train
dataset_raw/box_merah/box_merah__frame_000001053.jpg,box_merah,1053,35.142002403495994,box_merah,1280,720,train
dataset_raw/box_merah/box_merah__frame_000001109.jpg,box_merah,1109,37.01090281621753,box_merah,1280,720,train
dataset_raw/box_merah/box_merah__frame_000001164.jpg,box_merah,1164,38.846430007283324,box_merah,1280,720,train
dataset_raw/box_merah/box_merah__frame_000001220.jpg,box_merah,1220,40.715330420004854,box_merah,1280,720,train
dataset_raw/box_merah/box_merah__frame_000001275.jpg,box_merah,1275,42.55085761107065,box_merah,1280,720,train
dataset_raw/box_merah/box_merah__frame_000001331.jpg,box_merah,1331,44.419758023792184,box_merah,1280,720,train
dataset_raw/box_merah/box_merah__frame_000001386.jpg,box_merah,1386,46.25528521485798,box_merah,1280,720,train
dataset_raw/box_merah/box_merah__frame_000001442.jpg,box_merah,1442,48.124185627579514,box_merah,1280,720,train
dataset_raw/box_merah/box_merah__frame_000001497.jpg,box_merah,1497,49.95971281864531,box_merah,1280,720,train
dataset_raw/box_merah/box_merah__frame_000001553.jpg,box_merah,1553,51.82861323136684,box_merah,1280,720,train
dataset_raw/box_merah/box_merah__frame_000001608.jpg,box_merah,1608,53.66414042243263,box_merah,1280,720,train
dataset_raw/box_merah/box_merah__frame_000001663.jpg,box_merah,1663,55.499667613498424,box_merah,1280,720,train
dataset_raw/box_merah/box_merah__frame_000001719.jpg,box_merah,1719,57.36856802621996,box_merah,1280,720,train
dataset_raw/box_merah/box_merah__frame_000001774.jpg,box_merah,1774,59.204095217285754,box_merah,1280,720,train
dataset_raw/box_merah/box_merah__frame_000001830.jpg,box_merah,1830,61.072995630007284,box_merah,1280,720,train
dataset_raw/box_merah/box_merah__frame_000001885.jpg,box_merah,1885,62.90852282107308,box_merah,1280,720,train
dataset_raw/box_merah/box_merah__frame_000001941.jpg,box_merah,1941,64.77742323379461,box_merah,1280,720,train
dataset_raw/box_merah/box_merah__frame_000001996.jpg,box_merah,1996,66.6129504248604,box_merah,1280,720,train
dataset_raw/box_merah/box_merah__frame_000002052.jpg,box_merah,2052,68.48185083758194,box_merah,1280,720,train
dataset_raw/box_merah/box_merah__frame_000002107.jpg,box_merah,2107,70.31737802864774,box_merah,1280,720,train
dataset_raw/box_merah/box_merah__frame_000002163.jpg,box_merah,2163,72.18627844136927,box_merah,1280,720,train
dataset_raw/box_merah/box_merah__frame_000002218.jpg,box_merah,2218,74.02180563243506,box_merah,1280,720,train
dataset_raw/box_merah/box_merah__frame_000002274.jpg,box_merah,2274,75.89070604515659,box_merah,1280,720,train
dataset_raw/box_merah/box_merah__frame_000002329.jpg,box_merah,2329,77.72623323622238,box_merah,1280,720,train
dataset_raw/box_merah/box_merah__frame_000002384.jpg,box_merah,2384,79.56176042728818,box_merah,1280,720,train
dataset_raw/box_merah/box_merah__frame_000002440.jpg,box_merah,2440,81.43066084000971,box_merah,1280,720,train
dataset_raw/box_merah/box_merah__frame_000002495.jpg,box_merah,2495,83.2661880310755,box_merah,1280,720,train
dataset_raw/box_merah/box_merah__frame_000002551.jpg,box_merah,2551,85.13508844379704,box_merah,1280,720,train
dataset_raw/box_merah/box_merah__frame_000002606.jpg,box_merah,2606,86.97061563486284,box_merah,1280,720,train
dataset_raw/box_merah/box_merah__frame_000002662.jpg,box_merah,2662,88.83951604758437,box_merah,1280,720,train
dataset_raw/box_merah/box_merah__frame_000002717.jpg,box_merah,2717,90.67504323865016,box_merah,1280,720,train
dataset_raw/box_merah/box_merah__frame_000002773.jpg,box_merah,2773,92.54394365137169,box_merah,1280,720,train
dataset_raw/box_merah/box_merah__frame_000002828.jpg,box_merah,2828,94.37947084243748,box_merah,1280,720,train
dataset_raw/box_merah/box_merah__frame_000002884.jpg,box_merah,2884,96.24837125515903,box_merah,1280,720,train
dataset_raw/box_merah/box_merah__frame_000002939.jpg,box_merah,2939,98.08389844622482,box_merah,1280,720,train
dataset_raw/box_merah/box_merah__frame_000002995.jpg,box_merah,2995,99.95279885894635,box_merah,1280,720,train
dataset_raw/box_merah/box_merah__frame_000003050.jpg,box_merah,3050,101.78832605001215,box_merah,1280,720,train
dataset_raw/box_merah/box_merah__frame_000003106.jpg,box_merah,3106,103.65722646273368,box_merah,1280,720,train
dataset_raw/box_merah/box_merah__frame_000003161.jpg,box_merah,3161,105.49275365379947,box_merah,1280,720,train
dataset_raw/box_merah/box_merah__frame_000003216.jpg,box_merah,3216,107.32828084486526,box_merah,1280,720,train
dataset_raw/box_merah/box_merah__frame_000003272.jpg,box_merah,3272,109.19718125758679,box_merah,1280,720,train
dataset_raw/box_merah/box_merah__frame_000003327.jpg,box_merah,3327,111.03270844865258,box_merah,1280,720,train
dataset_raw/box_merah/box_merah__frame_000003383.jpg,box_merah,3383,112.90160886137413,box_merah,1280,720,train
dataset_raw/box_merah/box_merah__frame_000003438.jpg,box_merah,3438,114.73713605243992,box_merah,1280,720,train
dataset_raw/box_merah/box_merah__frame_000003494.jpg,box_merah,3494,116.60603646516145,box_merah,1280,720,train
dataset_raw/box_merah/box_merah__frame_000003549.jpg,box_merah,3549,118.44156365622725,box_merah,1280,720,train
dataset_raw/box_merah/box_merah__frame_000003605.jpg,box_merah,3605,120.31046406894878,box_merah,1280,720,train
dataset_raw/box_merah/box_merah__frame_000003660.jpg,box_merah,3660,122.14599126001457,box_merah,1280,720,train
dataset_raw/box_merah/box_merah__frame_000003716.jpg,box_merah,3716,124.01489167273611,box_merah,1280,720,train
dataset_raw/box_merah/box_merah__frame_000003771.jpg,box_merah,3771,125.85041886380189,box_merah,1280,720,train
dataset_raw/box_merah/box_merah__frame_000003827.jpg,box_merah,3827,127.71931927652344,box_merah,1280,720,train
dataset_raw/box_merah/box_merah__frame_000003882.jpg,box_merah,3882,129.55484646758921,box_merah,1280,720,train
dataset_raw/box_merah/box_merah__frame_000003937.jpg,box_merah,3937,131.39037365865502,box_merah,1280,720,train
dataset_raw/box_merah/box_merah__frame_000003993.jpg,box_merah,3993,133.25927407137655,box_merah,1280,720,train
dataset_raw/box_merah/box_merah__frame_000004048.jpg,box_merah,4048,135.09480126244233,box_merah,1280,720,train
dataset_raw/box_merah/box_merah__frame_000004104.jpg,box_merah,4104,136.9637016751639,box_merah,1280,720,train
dataset_raw/box_merah/box_merah__frame_000004159.jpg,box_merah,4159,138.79922886622967,box_merah,1280,720,train
dataset_raw/box_merah/box_merah__frame_000004215.jpg,box_merah,4215,140.6681292789512,box_merah,1280,720,train
dataset_raw/box_merah/box_merah__frame_000004270.jpg,box_merah,4270,142.503656470017,box_merah,1280,720,train
dataset_raw/box_merah/box_merah__frame_000004326.jpg,box_merah,4326,144.37255688273854,box_merah,1280,720,excluded
dataset_raw/box_merah/box_merah__frame_000004381.jpg,box_merah,4381,146.20808407380432,box_merah,1280,720,excluded
dataset_raw/box_merah/box_merah__frame_000004437.jpg,box_merah,4437,148.07698448652587,box_merah,1280,720,excluded
dataset_raw/box_merah/box_merah__frame_000004492.jpg,box_merah,4492,149.91251167759165,box_merah,1280,720,excluded
dataset_raw/box_merah/box_merah__frame_000004548.jpg,box_merah,4548,151.78141209031318,box_merah,1280,720,validation
dataset_raw/box_merah/box_merah__frame_000004603.jpg,box_merah,4603,153.616939281379,box_merah,1280,720,validation
dataset_raw/box_merah/box_merah__frame_000004659.jpg,box_merah,4659,155.48583969410052,box_merah,1280,720,validation
dataset_raw/box_merah/box_merah__frame_000004714.jpg,box_merah,4714,157.3213668851663,box_merah,1280,720,validation
dataset_raw/box_merah/box_merah__frame_000004769.jpg,box_merah,4769,159.1568940762321,box_merah,1280,720,validation
dataset_raw/box_merah/box_merah__frame_000004825.jpg,box_merah,4825,161.02579448895364,box_merah,1280,720,validation
dataset_raw/box_merah/box_merah__frame_000004880.jpg,box_merah,4880,162.86132168001942,box_merah,1280,720,validation
dataset_raw/box_merah/box_merah__frame_000004936.jpg,box_merah,4936,164.73022209274097,box_merah,1280,720,validation
dataset_raw/box_merah/box_merah__frame_000004991.jpg,box_merah,4991,166.56574928380675,box_merah,1280,720,validation
dataset_raw/box_merah/box_merah__frame_000005047.jpg,box_merah,5047,168.43464969652828,box_merah,1280,720,validation
dataset_raw/box_merah/box_merah__frame_000005102.jpg,box_merah,5102,170.2701768875941,box_merah,1280,720,validation
dataset_raw/box_merah/box_merah__frame_000005158.jpg,box_merah,5158,172.13907730031562,box_merah,1280,720,validation
dataset_raw/box_merah/box_merah__frame_000005213.jpg,box_merah,5213,173.9746044913814,box_merah,1280,720,validation
dataset_raw/box_merah/box_merah__frame_000005269.jpg,box_merah,5269,175.84350490410296,box_merah,1280,720,validation
dataset_raw/box_merah/box_merah__frame_000005324.jpg,box_merah,5324,177.67903209516874,box_merah,1280,720,validation
dataset_raw/box_merah/box_merah__frame_000005380.jpg,box_merah,5380,179.54793250789027,box_merah,1280,720,validation
dataset_raw/box_merah/box_merah__frame_000005435.jpg,box_merah,5435,181.38345969895607,box_merah,1280,720,validation
dataset_raw/box_merah/box_merah__frame_000005491.jpg,box_merah,5491,183.2523601116776,box_merah,1280,720,validation
dataset_raw/box_cokelat/box_cokelat__frame_000000000.jpg,box_cokelat,0,0.0,box_cokelat,832,464,train
dataset_raw/box_cokelat/box_cokelat__frame_000000037.jpg,box_cokelat,37,0.6177755412417248,box_cokelat,832,464,train
dataset_raw/box_cokelat/box_cokelat__frame_000000075.jpg,box_cokelat,75,1.252247718733226,box_cokelat,832,464,train
dataset_raw/box_cokelat/box_cokelat__frame_000000112.jpg,box_cokelat,112,1.870023259974951,box_cokelat,832,464,train
dataset_raw/box_cokelat/box_cokelat__frame_000000150.jpg,box_cokelat,150,2.504495437466452,box_cokelat,832,464,train
dataset_raw/box_cokelat/box_cokelat__frame_000000188.jpg,box_cokelat,188,3.138967614957953,box_cokelat,832,464,train
dataset_raw/box_cokelat/box_cokelat__frame_000000225.jpg,box_cokelat,225,3.756743156199678,box_cokelat,832,464,train
dataset_raw/box_cokelat/box_cokelat__frame_000000263.jpg,box_cokelat,263,4.3912153336911794,box_cokelat,832,464,train
dataset_raw/box_cokelat/box_cokelat__frame_000000301.jpg,box_cokelat,301,5.025687511182681,box_cokelat,832,464,train
dataset_raw/box_cokelat/box_cokelat__frame_000000338.jpg,box_cokelat,338,5.643463052424405,box_cokelat,832,464,train
dataset_raw/box_cokelat/box_cokelat__frame_000000376.jpg,box_cokelat,376,6.277935229915906,box_cokelat,832,464,train
dataset_raw/box_cokelat/box_cokelat__frame_000000413.jpg,box_cokelat,413,6.895710771157631,box_cokelat,832,464,train
dataset_raw/box_cokelat/box_cokelat__frame_000000451.jpg,box_cokelat,451,7.5301829486491325,box_cokelat,832,464,train
dataset_raw/box_cokelat/box_cokelat__frame_000000489.jpg,box_cokelat,489,8.164655126140634,box_cokelat,832,464,train
dataset_raw/box_cokelat/box_cokelat__frame_000000526.jpg,box_cokelat,526,8.782430667382359,box_cokelat,832,464,train
dataset_raw/box_cokelat/box_cokelat__frame_000000564.jpg,box_cokelat,564,9.41690284487386,box_cokelat,832,464,train
dataset_raw/box_cokelat/box_cokelat__frame_000000602.jpg,box_cokelat,602,10.051375022365361,box_cokelat,832,464,train
dataset_raw/box_cokelat/box_cokelat__frame_000000639.jpg,box_cokelat,639,10.669150563607085,box_cokelat,832,464,train
dataset_raw/box_cokelat/box_cokelat__frame_000000677.jpg,box_cokelat,677,11.303622741098586,box_cokelat,832,464,train
dataset_raw/box_cokelat/box_cokelat__frame_000000714.jpg,box_cokelat,714,11.921398282340311,box_cokelat,832,464,train
dataset_raw/box_cokelat/box_cokelat__frame_000000752.jpg,box_cokelat,752,12.555870459831812,box_cokelat,832,464,train
dataset_raw/box_cokelat/box_cokelat__frame_000000790.jpg,box_cokelat,790,13.190342637323313,box_cokelat,832,464,train
dataset_raw/box_cokelat/box_cokelat__frame_000000827.jpg,box_cokelat,827,13.808118178565039,box_cokelat,832,464,train
dataset_raw/box_cokelat/box_cokelat__frame_000000865.jpg,box_cokelat,865,14.44259035605654,box_cokelat,832,464,train
dataset_raw/box_cokelat/box_cokelat__frame_000000903.jpg,box_cokelat,903,15.077062533548041,box_cokelat,832,464,train
dataset_raw/box_cokelat/box_cokelat__frame_000000940.jpg,box_cokelat,940,15.694838074789766,box_cokelat,832,464,train
dataset_raw/box_cokelat/box_cokelat__frame_000000978.jpg,box_cokelat,978,16.329310252281267,box_cokelat,832,464,train
dataset_raw/box_cokelat/box_cokelat__frame_000001015.jpg,box_cokelat,1015,16.94708579352299,box_cokelat,832,464,train
dataset_raw/box_cokelat/box_cokelat__frame_000001053.jpg,box_cokelat,1053,17.581557971014494,box_cokelat,832,464,train
dataset_raw/box_cokelat/box_cokelat__frame_000001091.jpg,box_cokelat,1091,18.216030148505993,box_cokelat,832,464,train
dataset_raw/box_cokelat/box_cokelat__frame_000001128.jpg,box_cokelat,1128,18.83380568974772,box_cokelat,832,464,train
dataset_raw/box_cokelat/box_cokelat__frame_000001166.jpg,box_cokelat,1166,19.46827786723922,box_cokelat,832,464,train
dataset_raw/box_cokelat/box_cokelat__frame_000001204.jpg,box_cokelat,1204,20.102750044730723,box_cokelat,832,464,train
dataset_raw/box_cokelat/box_cokelat__frame_000001241.jpg,box_cokelat,1241,20.720525585972446,box_cokelat,832,464,train
dataset_raw/box_cokelat/box_cokelat__frame_000001279.jpg,box_cokelat,1279,21.354997763463945,box_cokelat,832,464,train
dataset_raw/box_cokelat/box_cokelat__frame_000001316.jpg,box_cokelat,1316,21.972773304705672,box_cokelat,832,464,train
dataset_raw/box_cokelat/box_cokelat__frame_000001354.jpg,box_cokelat,1354,22.607245482197172,box_cokelat,832,464,train
dataset_raw/box_cokelat/box_cokelat__frame_000001392.jpg,box_cokelat,1392,23.241717659688675,box_cokelat,832,464,train
dataset_raw/box_cokelat/box_cokelat__frame_000001429.jpg,box_cokelat,1429,23.859493200930398,box_cokelat,832,464,train
dataset_raw/box_cokelat/box_cokelat__frame_000001467.jpg,box_cokelat,1467,24.4939653784219,box_cokelat,832,464,train
dataset_raw/box_cokelat/box_cokelat__frame_000001505.jpg,box_cokelat,1505,25.1284375559134,box_cokelat,832,464,train
dataset_raw/box_cokelat/box_cokelat__frame_000001542.jpg,box_cokelat,1542,25.746213097155128,box_cokelat,832,464,train
dataset_raw/box_cokelat/box_cokelat__frame_000001580.jpg,box_cokelat,1580,26.380685274646627,box_cokelat,832,464,train
dataset_raw/box_cokelat/box_cokelat__frame_000001617.jpg,box_cokelat,1617,26.99846081588835,box_cokelat,832,464,train
dataset_raw/box_cokelat/box_cokelat__frame_000001655.jpg,box_cokelat,1655,27.632932993379853,box_cokelat,832,464,train
dataset_raw/box_cokelat/box_cokelat__frame_000001693.jpg,box_cokelat,1693,28.267405170871353,box_cokelat,832,464,train
dataset_raw/box_cokelat/box_cokelat__frame_000001730.jpg,box_cokelat,1730,28.88518071211308,box_cokelat,832,464,train
dataset_raw/box_cokelat/box_cokelat__frame_000001768.jpg,box_cokelat,1768,29.51965288960458,box_cokelat,832,464,train
dataset_raw/box_cokelat/box_cokelat__frame_000001806.jpg,box_cokelat,1806,30.154125067096082,box_cokelat,832,464,train
dataset_raw/box_cokelat/box_cokelat__frame_000001843.jpg,box_cokelat,1843,30.771900608337805,box_cokelat,832,464,train
dataset_raw/box_cokelat/box_cokelat__frame_000001881.jpg,box_cokelat,1881,31.40637278582931,box_cokelat,832,464,train
dataset_raw/box_cokelat/box_cokelat__frame_000001918.jpg,box_cokelat,1918,32.02414832707103,box_cokelat,832,464,train
dataset_raw/box_cokelat/box_cokelat__frame_000001956.jpg,box_cokelat,1956,32.658620504562535,box_cokelat,832,464,train
dataset_raw/box_cokelat/box_cokelat__frame_000001994.jpg,box_cokelat,1994,33.29309268205404,box_cokelat,832,464,train
dataset_raw/box_cokelat/box_cokelat__frame_000002031.jpg,box_cokelat,2031,33.91086822329576,box_cokelat,832,464,train
dataset_raw/box_cokelat/box_cokelat__frame_000002069.jpg,box_cokelat,2069,34.54534040078726,box_cokelat,832,464,train
dataset_raw/box_cokelat/box_cokelat__frame_000002107.jpg,box_cokelat,2107,35.179812578278764,box_cokelat,832,464,train
dataset_raw/box_cokelat/box_cokelat__frame_000002144.jpg,box_cokelat,2144,35.79758811952048,box_cokelat,832,464,train
dataset_raw/box_cokelat/box_cokelat__frame_000002182.jpg,box_cokelat,2182,36.43206029701199,box_cokelat,832,464,train
dataset_raw/box_cokelat/box_cokelat__frame_000002219.jpg,box_cokelat,2219,37.04983583825371,box_cokelat,832,464,train
dataset_raw/box_cokelat/box_cokelat__frame_000002257.jpg,box_cokelat,2257,37.684308015745216,box_cokelat,832,464,train
dataset_raw/box_cokelat/box_cokelat__frame_000002295.jpg,box_cokelat,2295,38.31878019323671,box_cokelat,832,464,train
dataset_raw/box_cokelat/box_cokelat__frame_000002332.jpg,box_cokelat,2332,38.93655573447844,box_cokelat,832,464,train
dataset_raw/box_cokelat/box_cokelat__frame_000002370.jpg,box_cokelat,2370,39.57102791196994,box_cokelat,832,464,train
dataset_raw/box_cokelat/box_cokelat__frame_000002408.jpg,box_cokelat,2408,40.205500089461445,box_cokelat,832,464,train
dataset_raw/box_cokelat/box_cokelat__frame_000002445.jpg,box_cokelat,2445,40.823275630703165,box_cokelat,832,464,train
dataset_raw/box_cokelat/box_cokelat__frame_000002483.jpg,box_cokelat,2483,41.45774780819467,box_cokelat,832,464,train
dataset_raw/box_cokelat/box_cokelat__frame_000002520.jpg,box_cokelat,2520,42.075523349436395,box_cokelat,832,464,train
dataset_raw/box_cokelat/box_cokelat__frame_000002558.jpg,box_cokelat,2558,42.70999552692789,box_cokelat,832,464,train
dataset_raw/box_cokelat/box_cokelat__frame_000002596.jpg,box_cokelat,2596,43.344467704419394,box_cokelat,832,464,train
dataset_raw/box_cokelat/box_cokelat__frame_000002633.jpg,box_cokelat,2633,43.96224324566112,box_cokelat,832,464,train
dataset_raw/box_cokelat/box_cokelat__frame_000002671.jpg,box_cokelat,2671,44.596715423152624,box_cokelat,832,464,train
dataset_raw/box_cokelat/box_cokelat__frame_000002709.jpg,box_cokelat,2709,45.23118760064412,box_cokelat,832,464,train
dataset_raw/box_cokelat/box_cokelat__frame_000002746.jpg,box_cokelat,2746,45.84896314188585,box_cokelat,832,464,train
dataset_raw/box_cokelat/box_cokelat__frame_000002784.jpg,box_cokelat,2784,46.48343531937735,box_cokelat,832,464,train
dataset_raw/box_cokelat/box_cokelat__frame_000002821.jpg,box_cokelat,2821,47.10121086061908,box_cokelat,832,464,train
dataset_raw/box_cokelat/box_cokelat__frame_000002859.jpg,box_cokelat,2859,47.73568303811057,box_cokelat,832,464,train
dataset_raw/box_cokelat/box_cokelat__frame_000002897.jpg,box_cokelat,2897,48.370155215602075,box_cokelat,832,464,train
dataset_raw/box_cokelat/box_cokelat__frame_000002934.jpg,box_cokelat,2934,48.9879307568438,box_cokelat,832,464,excluded
dataset_raw/box_cokelat/box_cokelat__frame_000002972.jpg,box_cokelat,2972,49.6224029343353,box_cokelat,832,464,excluded
dataset_raw/box_cokelat/box_cokelat__frame_000003010.jpg,box_cokelat,3010,50.2568751118268,box_cokelat,832,464,excluded
dataset_raw/box_cokelat/box_cokelat__frame_000003047.jpg,box_cokelat,3047,50.87465065306853,box_cokelat,832,464,excluded
dataset_raw/box_cokelat/box_cokelat__frame_000003085.jpg,box_cokelat,3085,51.50912283056003,box_cokelat,832,464,validation
dataset_raw/box_cokelat/box_cokelat__frame_000003122.jpg,box_cokelat,3122,52.12689837180175,box_cokelat,832,464,validation
dataset_raw/box_cokelat/box_cokelat__frame_000003160.jpg,box_cokelat,3160,52.761370549293254,box_cokelat,832,464,validation
dataset_raw/box_cokelat/box_cokelat__frame_000003198.jpg,box_cokelat,3198,53.39584272678476,box_cokelat,832,464,validation
dataset_raw/box_cokelat/box_cokelat__frame_000003235.jpg,box_cokelat,3235,54.013618268026484,box_cokelat,832,464,validation
dataset_raw/box_cokelat/box_cokelat__frame_000003273.jpg,box_cokelat,3273,54.64809044551798,box_cokelat,832,464,validation
dataset_raw/box_cokelat/box_cokelat__frame_000003311.jpg,box_cokelat,3311,55.28256262300948,box_cokelat,832,464,validation
dataset_raw/box_cokelat/box_cokelat__frame_000003348.jpg,box_cokelat,3348,55.90033816425121,box_cokelat,832,464,validation
dataset_raw/box_cokelat/box_cokelat__frame_000003386.jpg,box_cokelat,3386,56.534810341742705,box_cokelat,832,464,validation
dataset_raw/box_cokelat/box_cokelat__frame_000003423.jpg,box_cokelat,3423,57.15258588298443,box_cokelat,832,464,validation
dataset_raw/box_cokelat/box_cokelat__frame_000003461.jpg,box_cokelat,3461,57.787058060475935,box_cokelat,832,464,validation
dataset_raw/box_cokelat/box_cokelat__frame_000003499.jpg,box_cokelat,3499,58.42153023796744,box_cokelat,832,464,validation
dataset_raw/box_cokelat/box_cokelat__frame_000003536.jpg,box_cokelat,3536,59.03930577920916,box_cokelat,832,464,validation
dataset_raw/box_cokelat/box_cokelat__frame_000003574.jpg,box_cokelat,3574,59.67377795670066,box_cokelat,832,464,validation
dataset_raw/box_cokelat/box_cokelat__frame_000003612.jpg,box_cokelat,3612,60.308250134192164,box_cokelat,832,464,validation
dataset_raw/box_cokelat/box_cokelat__frame_000003649.jpg,box_cokelat,3649,60.92602567543389,box_cokelat,832,464,validation
dataset_raw/box_cokelat/box_cokelat__frame_000003687.jpg,box_cokelat,3687,61.56049785292539,box_cokelat,832,464,validation
dataset_raw/box_cokelat/box_cokelat__frame_000003725.jpg,box_cokelat,3725,62.19497003041689,box_cokelat,832,464,validation
